Main Image,Additional Image,Additional Image,Additional Image,Sku Config,Material Config,Supplier Sku,Supplier/Seller,Brand,Division,Category,Qtd Total,Qtd Available Site,Availability,SKU Curve,Material Simple,Size,Qtd,Gross Cost,Current Price,Original Price,Avg Age,Product Name,Division,Sourcing Type,Color,Gender,Itens aCR
https://static.minhaloja.com.br/p/-89071141-1-zoom.jpg,https://static.minhaloja.com.br/p/-89071141-2-zoom.jpg,https://static.minhaloja.com.br/p/-89071141-3-zoom.jpg,https://static.minhaloja.com.br/p/-89071141-4-zoom.jpg,GI283SHF01FHI,29253343,6950745 29253343,GIGIL,Gigil,Women Shoes,Bota,5281,5.280,"82,22%",Triple A,"
29253343001; 
29253343002; 
29253343003; 
29253343004; 
29253343005; 
29253343006; 
29253343007","
34; 
38; 
36; 
35; 
39; 
37; 
40","
941; 
0; 
778; 
862; 
936; 
806; 
958",R$0,"R$91,99","R$159,99",null,Bota Bico Fino GiGiL Salto Médio Detalhe Lateral Caramelo,MP,Marketplace,Caramelo,feminino,"225,4"
https://static.minhaloja.com.br/p/-62723641-1-zoom.jpg,https://static.minhaloja.com.br/p/-62723641-2-zoom.jpg,https://static.minhaloja.com.br/p/-62723641-3-zoom.jpg,https://static.minhaloja.com.br/p/-62723641-4-zoom.jpg,GI283SHF73OBE,32789327,7459517 32789327,GIGIL,Gigil,Women Shoes,Bota,5972,5.972,100%,Triple A,"
32789327001; 
32789327002; 
32789327003; 
32789327004; 
32789327005; 
32789327006; 
32789327007","
39; 
40; 
35; 
34; 
38; 
36; 
37","
929; 
942; 
840; 
960; 
827; 
752; 
722",R$0,"R$94,99","R$189,99",null,Bota Feminina Bico Fino Gigil Salto Bloco Médio Casual Preto,MP,Marketplace,Preto,feminino,"216,58"
https://static.minhaloja.com.br/p/-41186921-1-zoom.jpg,https://static.minhaloja.com.br/p/-41186921-2-zoom.jpg,https://static.minhaloja.com.br/p/-41186921-3-zoom.jpg,https://static.minhaloja.com.br/p/-41186921-4-zoom.jpg,VI323SHF85VPQ,27591699,R1010Preto-33,USEVITTAL,USE VITTAL,Women Shoes,Bota,8115,8.114,"99,38%",Triple A,"
27591699001; 
27591699002; 
27591699003; 
27591699004; 
27591699005; 
27591699006; 
27591699007; 
27591699008","
33; 
34; 
35; 
36; 
38; 
37; 
39; 
40","
0; 
1016; 
1148; 
1426; 
1142; 
1434; 
984; 
965",R$0,"R$179,91","R$397,9",null,Bota Coturno Chelsea Feminino Vittal Luisa em Couro Preta,MP,Marketplace,Preto,feminino,"201,88"
https://static.minhaloja.com.br/p/-18014641-1-zoom.jpg,https://static.minhaloja.com.br/p/-18014641-2-zoom.jpg,https://static.minhaloja.com.br/p/-18014641-3-zoom.jpg,https://static.minhaloja.com.br/p/-18014641-4-zoom.jpg,GI283SHF18AKN,32836383,462344NPPTO34,GIGIL,Gigil,Women Shoes,Bota,479,479,100%,Triple A,"
32836383001; 
32836383002; 
32836383003; 
32836383004; 
32836383005; 
32836383006; 
32836383007","
39; 
35; 
37; 
40; 
38; 
36; 
34","
28; 
58; 
133; 
18; 
74; 
143; 
25",R$0,"R$161,49","R$209,99",null,Bota Enrugada GigiL Cano Longo Slouch Bico Fino Preto,MP,Marketplace,Preto,feminino,"141,12"
https://static.minhaloja.com.br/p/-12352211-1-zoom.jpg,https://static.minhaloja.com.br/p/-12352211-2-zoom.jpg,https://static.minhaloja.com.br/p/-12352211-3-zoom.jpg,https://static.minhaloja.com.br/p/-12352211-4-zoom.jpg,GI283SHF78RND,25545147,523105NPPTO34,GIGIL,Gigil,Women Shoes,Bota,174,173,"62,68%",Triple A,"
25545147001; 
25545147002; 
25545147003; 
25545147004; 
25545147005; 
25545147006; 
25545147007","
40; 
39; 
38; 
37; 
36; 
35; 
34","
35; 
33; 
58; 
31; 
0; 
0; 
17",R$0,"R$161,49","R$249,99",null,Bota  Chelsea GiGiL Cano Longo Elástico Preta,MP,Marketplace,Preto,feminino,"135,24"
https://static.minhaloja.com.br/p/-52771111-1-zoom.jpg,https://static.minhaloja.com.br/p/-52771111-2-zoom.jpg,https://static.minhaloja.com.br/p/-52771111-3-zoom.jpg,https://static.minhaloja.com.br/p/-52771111-4-zoom.jpg,GI283SHF74OIV,25421245,3803NPPTO34,GIGIL,Gigil,Women Shoes,Bota,6918,6.916,100%,Triple A,"
25421245001; 
25421245002; 
25421245003; 
25421245004; 
25421245005; 
25421245006; 
25421245007","
40; 
39; 
38; 
37; 
36; 
35; 
34","
1064; 
993; 
1057; 
1020; 
917; 
915; 
952",R$0,"R$94,99","R$165,99",null,Bota Bico Fino Gigil Salto Alto Grosso Napa Preto,MP,Marketplace,Preto,feminino,"119,56"
https://static.minhaloja.com.br/p/-48961141-1-zoom.jpg,https://static.minhaloja.com.br/p/-48961141-2-zoom.jpg,https://static.minhaloja.com.br/p/-48961141-3-zoom.jpg,https://static.minhaloja.com.br/p/-48961141-4-zoom.jpg,GI283SHF15FCY,29253338,6950744 29253338,GIGIL,Gigil,Women Shoes,Bota,4562,4.562,"84,8%",Triple A,"
29253338001; 
29253338002; 
29253338003; 
29253338004; 
29253338005; 
29253338006; 
29253338007","
37; 
35; 
39; 
40; 
38; 
36; 
34","
891; 
907; 
0; 
0; 
928; 
860; 
976",R$0,"R$91,99","R$159,99",null,Bota Bico Fino GiGiL Salto Médio Detalhe Lateral Preto,MP,Marketplace,Preto,feminino,"114,66"
https://static.minhaloja.com.br/p/-72288141-1-zoom.jpg,https://static.minhaloja.com.br/p/-72288141-2-zoom.jpg,https://static.minhaloja.com.br/p/-72288141-3-zoom.jpg,https://static.minhaloja.com.br/p/-72288141-4-zoom.jpg,VI188APU72GNB,29669091,6929620 29669091,VIDA COSTEIRA,VIDA COSTEIRA,Kids Girl Apparel,Conjunto Longo,8211,8.211,100%,Triple A,"
29669091001; 
29669091002; 
29669091003; 
29669091004; 
29669091005; 
29669091006; 
29669091007; 
29669091008","
8; 
6; 
4; 
3; 
2; 
14; 
12; 
10","
935; 
1280; 
1736; 
578; 
1081; 
626; 
962; 
1013",R$0,"R$59,9","R$119,9",null,CONJUNTO INFANTIL BLUSA + CALÇA TÉRMICA PRETA,MP,Marketplace,Preto,unissex,"111,15"
https://static.minhaloja.com.br/p/-7113255-1-zoom.jpg,https://static.minhaloja.com.br/p/-7113255-2-zoom.jpg,https://static.minhaloja.com.br/p/-7113255-3-zoom.jpg,https://static.minhaloja.com.br/p/-7113255-4-zoom.jpg,AM398SHF82GHP,19552450,2105966 19552450,LUMISS,Amorelle,Women Shoes,Bota,68236,68.174,100%,Triple A,"
19552450001; 
19552450002; 
19552450003; 
19552450004; 
19552450005; 
19552450006; 
19552450007","
34; 
35; 
36; 
37; 
38; 
39; 
40","
9947; 
9872; 
9514; 
9484; 
9603; 
9817; 
9999",R$0,"R$99,9","R$199,8",null,Bota Coturno Lumiss Plataforma Sintético Preto Tratorado CORE,MP,Marketplace,Preto,feminino,"108,78"
https://static.minhaloja.com.br/p/-57575621-1-zoom.jpg,https://static.minhaloja.com.br/p/-57575621-2-zoom.jpg,https://static.minhaloja.com.br/p/-57575621-3-zoom.jpg,https://static.minhaloja.com.br/p/-57575621-4-zoom.jpg,RE499APM24EFV,27290741,4948054 27290741,RESERVA OFICIAL,Reserva,Casual Men Apparel,Top Manga Curta,249,248,"19,79%",Triple A,"
27290741001; 
27290741002; 
27290741003; 
27290741004; 
27290741005","
P; 
M; 
G; 
GG; 
GGG","
0; 
0; 
0; 
67; 
182",R$0,R$59,R$169,null,Camiseta Basica Vibe Macio Estilo Reserva,MP,Marketplace,Preto,masculino,"103,55"
https://static.minhaloja.com.br/p/-76392641-1-zoom.jpg,https://static.minhaloja.com.br/p/-76392641-2-zoom.jpg,https://static.minhaloja.com.br/p/-76392641-3-zoom.jpg,https://static.minhaloja.com.br/p/-76392641-4-zoom.jpg,GI283SHF32JBZ,32763136,183001NPPTO34,GIGIL,Gigil,Women Shoes,Bota,6280,6.280,100%,Triple A,"
32763136001; 
32763136002; 
32763136003; 
32763136004; 
32763136005; 
32763136006; 
32763136007","
35; 
39; 
37; 
40; 
36; 
38; 
34","
926; 
908; 
812; 
957; 
840; 
865; 
972",R$0,"R$89,27","R$189,99",null,Bota Feminina Bico Redondo Gigil Salto Baixo Zíper Preto,MP,Marketplace,Preto,feminino,"93,1"
https://static.minhaloja.com.br/p/-56166641-1-zoom.jpg,https://static.minhaloja.com.br/p/-56166641-2-zoom.jpg,https://static.minhaloja.com.br/p/-56166641-3-zoom.jpg,https://static.minhaloja.com.br/p/-56166641-4-zoom.jpg,US419SHF34LNH,32912244,7488504 32912244,USEVITTAL,USE VITTAL,Women Shoes,Bota,5780,5.780,100%,Triple A,"
32912244001; 
32912244002; 
32912244003; 
32912244004; 
32912244005; 
32912244006","
34; 
39; 
37; 
36; 
38; 
35","
990; 
978; 
937; 
936; 
961; 
978",R$0,"R$149,9","R$299,9",null,Bota Feminina  Vittal em Couro Cano Baixo com Ziper Lateral Café,MP,Marketplace,Marrom,feminino,"93,1"
https://static.minhaloja.com.br/p/-85524641-1-zoom.jpg,https://static.minhaloja.com.br/p/-85524641-2-zoom.jpg,https://static.minhaloja.com.br/p/-85524641-3-zoom.jpg,https://static.minhaloja.com.br/p/-85524641-4-zoom.jpg,NI288SHU41CPI,32847057,197863604343,NIKE.COM,Nike,Girl Kids Shoes,Tênis,1827,1.827,"74,56%",Triple A,"
32847057001; 
32847057002; 
32847057003; 
32847057004; 
32847057005","
34; 
38; 
35; 
36; 
37","
296; 
0; 
320; 
1211; 
0",R$0,"R$319,99","R$449,99",null,Tênis Nike Court Borough Low Recraft Infantil,MP,Marketplace,Branco,unissex,"91,14"
https://static.minhaloja.com.br/p/-5820897-1-zoom.jpg,https://static.minhaloja.com.br/p/-5820897-2-zoom.jpg,https://static.minhaloja.com.br/p/-5820897-3-zoom.jpg,https://static.minhaloja.com.br/p/-5820897-4-zoom.jpg,RE046APU14BEB,21825440,KM.MLCL.PREPRE.XG-IK2015,RELAXADO STORE,Relaxado,Casual Men Apparel,Moletom,4607,4.603,100%,Triple A,"
21825440001; 
21825440002; 
21825440003; 
21825440004; 
21825440005","
P; 
M; 
G; 
GG; 
XG","
959; 
919; 
865; 
915; 
949",R$0,"R$139,99","R$299,99",null,Conjunto Moletom Blusa De Frio E Calça Moletom Preto,MP,Marketplace,Laranja/Preto,unissex,"84,55"
https://static.minhaloja.com.br/p/-5047898-1-zoom.jpg,https://static.minhaloja.com.br/p/-5047898-2-zoom.jpg,https://static.minhaloja.com.br/p/-5047898-3-zoom.jpg,https://static.minhaloja.com.br/p/-5047898-4-zoom.jpg,SA057SHF94IZL,22963152,3852709 22963152,SANTA ROSA CALÇADOS,Santa Rosa,Women Shoes,Bota,469,460,100%,Triple A,"
22963152001; 
22963152002; 
22963152003; 
22963152004; 
22963152005; 
22963152006; 
22963152007; 
22963152008","
33; 
34; 
35; 
36; 
37; 
38; 
39; 
40","
92; 
52; 
21; 
22; 
21; 
28; 
95; 
138",R$0,"R$99,9","R$239,9",null,Bota Coturno Feminina Tratorada Chelsea,MP,Marketplace,Preto,feminino,"82,32"
https://static.minhaloja.com.br/p/-55323311-1-zoom.jpg,https://static.minhaloja.com.br/p/-55323311-2-zoom.jpg,https://static.minhaloja.com.br/p/-55323311-3-zoom.jpg,https://static.minhaloja.com.br/p/-55323311-4-zoom.jpg,NI288SHF44TVV,25676854,195866276000,NIKE.COM,Nike,Casual Women Sports Shoes,Tênis,2421,2.421,"97,67%",Triple A,"
25676854001; 
25676854002; 
25676854003; 
25676854004; 
25676854005; 
25676854006; 
25676854007; 
25676854008; 
25676854009; 
25676854010","
39; 
38; 
42; 
37; 
36; 
34; 
43; 
40; 
35; 
41","
213; 
609; 
0; 
560; 
511; 
106; 
0; 
141; 
281; 
0",R$0,"R$269,99","R$549,99",null,Tênis Nike Court Legacy Next Nature Branco,MP,Marketplace,Branco,feminino,"79,38"
https://static.minhaloja.com.br/p/-63294921-1-zoom.jpg,https://static.minhaloja.com.br/p/-63294921-2-zoom.jpg,https://static.minhaloja.com.br/p/-63294921-3-zoom.jpg,https://static.minhaloja.com.br/p/-63294921-4-zoom.jpg,HN705APF63TRO,27573245,6215684 27573245,HNO JEANS,HNO Jeans,Casual Women Apparel,Jaqueta,144,143,100%,Triple A,"
27573245001; 
27573245002; 
27573245003; 
27573245004","
P; 
M; 
G; 
GG","
21; 
8; 
69; 
46",R$0,R$138,"R$374,9",null,Jaqueta Jeans HNO Jeans Parka Premium Com Capuz Caqui,MP,Marketplace,Bege,feminino,"72,2"
https://static.minhaloja.com.br/p/-08075331-1-zoom.jpg,https://static.minhaloja.com.br/p/-08075331-2-zoom.jpg,https://static.minhaloja.com.br/p/-08075331-3-zoom.jpg,https://static.minhaloja.com.br/p/-08075331-4-zoom.jpg,RE046APM19YZW,27992195,KM.MLCL.PREPRE.G-IF2042,RELAXADO STORE,Relaxado,Casual Men Apparel,Moletom,4611,4.611,100%,Triple A,"
27992195001; 
27992195002; 
27992195003; 
27992195004; 
27992195005","
XG; 
GG; 
P; 
M; 
G","
953; 
926; 
956; 
902; 
874",R$0,"R$139,92","R$299,99",null,Conjunto Moletom Blusa De Frio E Calça Moletom Preto Estampa,MP,Marketplace,Branco/Preto,masculino,"69,35"
https://static.minhaloja.com.br/p/-26861131-1-zoom.jpg,https://static.minhaloja.com.br/p/-26861131-2-zoom.jpg,https://static.minhaloja.com.br/p/-26861131-3-zoom.jpg,https://static.minhaloja.com.br/p/-26861131-4-zoom.jpg,NI288SHF37HQS,27733455,196153962088,NIKE.COM,Nike,Casual Women Sports Shoes,Tênis,1414,1.414,"91,22%",Triple A,"
27733455001; 
27733455002; 
27733455003; 
27733455004; 
27733455005; 
27733455006; 
27733455007; 
27733455008; 
27733455009; 
27733455010","
34; 
36; 
35; 
37; 
38; 
39; 
40; 
41; 
42; 
43","
0; 
76; 
7; 
284; 
679; 
171; 
197; 
0; 
0; 
0",R$0,"R$369,99","R$649,99",null,Tênis Nike Court Legacy Lift Feminino,MP,Marketplace,Branco,feminino,"68,6"
https://static.minhaloja.com.br/p/-29360641-1-zoom.jpg,https://static.minhaloja.com.br/p/-29360641-2-zoom.jpg,https://static.minhaloja.com.br/p/-29360641-3-zoom.jpg,https://static.minhaloja.com.br/p/-29360641-4-zoom.jpg,LU774SHF07BCI,32638556,7434296 32638556,LUMISS,LUMISS,Women Shoes,Bota,69615,69.615,100%,Triple A,"
32638556001; 
32638556002; 
32638556003; 
32638556004; 
32638556005; 
32638556006; 
32638556007","
34; 
40; 
38; 
36; 
39; 
35; 
37","
9999; 
9984; 
9925; 
9911; 
9956; 
9960; 
9880",R$0,"R$149,9","R$249,9",null,Bota Feminina Lumiss Camurça Suede Cano Longo Enrugada Slouchy Salto Bloco Preto,MP,Marketplace,Preto,feminino,"68,6"
https://static.minhaloja.com.br/p/-51142641-1-zoom.jpg,https://static.minhaloja.com.br/p/-51142641-2-zoom.jpg,https://static.minhaloja.com.br/p/-51142641-3-zoom.jpg,https://static.minhaloja.com.br/p/-51142641-4-zoom.jpg,LU774SHF84BHZ,32726814,ALE1-PRETO-34,LUMISS,LUMISS,Women Shoes,Bota,69744,69.744,100%,Triple A,"
32726814001; 
32726814002; 
32726814003; 
32726814004; 
32726814005; 
32726814006; 
32726814007","
35; 
40; 
36; 
38; 
37; 
39; 
34","
9971; 
9993; 
9925; 
9956; 
9948; 
9974; 
9977",R$0,"R$149,9","R$249,9",null,Bota Feminina Lumiss Salto Alto Grosso Cano Alto Bico Quadrado Preto,MP,Marketplace,Preto,feminino,"62,72"
https://static.minhaloja.com.br/p/-06691231-1-zoom.jpg,https://static.minhaloja.com.br/p/-06691231-2-zoom.jpg,https://static.minhaloja.com.br/p/-06691231-3-zoom.jpg,https://static.minhaloja.com.br/p/-06691231-4-zoom.jpg,KI228SHM39DSM,27839057,152.001-25/39,LOJA KIDSTEP,Kidstep,Girl Kids Shoes,Bota,44885,44.885,100%,Triple A,"
27839057001; 
27839057002; 
27839057003; 
27839057004; 
27839057005; 
27839057006; 
27839057007; 
27839057008; 
27839057009; 
27839057010; 
27839057011; 
27839057012","
34; 
31; 
35; 
36; 
32; 
33; 
29; 
30; 
28; 
38; 
37; 
39","
4962; 
4971; 
4974; 
4981; 
4966; 
4956; 
4978; 
4973; 
4985; 
47; 
43; 
49",R$0,"R$84,9","R$159,9",null,Bota Coturno Cano Curto Tratorado Preto Infantil Kidstep,MP,Marketplace,Preto,menina,"57,82"
https://static.minhaloja.com.br/p/-13517701-1-zoom.jpg,https://static.minhaloja.com.br/p/-13517701-2-zoom.jpg,https://static.minhaloja.com.br/p/-13517701-3-zoom.jpg,https://static.minhaloja.com.br/p/-13517701-4-zoom.jpg,RE499APM68WFR,25084562,4948110 25084562,RESERVA OFICIAL,Reserva,Casual Men Apparel,Top Manga Curta,4353,4.352,"87,46%",Triple A,"
25084562001; 
25084562002; 
25084562003; 
25084562004; 
25084562005","
P; 
M; 
G; 
GG; 
GGG","
0; 
1271; 
1473; 
1085; 
524",R$0,R$89,R$119,null,Camiseta Algodão Estampada Sb Notificação Reserva,MP,Marketplace,Preto,masculino,"56,05"
